{
    "experiment_name": "run_2026_01_18_probs_seresnet_droppath_c128_v8",
    "global_accuracy": 0.6922857716167521,
    "inference_latency_ms": 0.09495604062299606,
    "ordinal_metrics": {
        "mae": 0.38721888821627964,
        "off_by_one_accuracy": 0.9471930555251101,
        "off_by_two_accuracy": 0.98137415752883
    },
    "catastrophic_failure_counts": {
        "3": 7983,
        "4": 1747,
        "5": 908,
        "6": 408
    },
    "classification_report": {
        "0": {
            "precision": 0.8351931121111233,
            "recall": 0.8083592025589877,
            "f1-score": 0.8215571017274472,
            "support": 84721.0
        },
        "1": {
            "precision": 0.6531596011500581,
            "recall": 0.6301389265943509,
            "f1-score": 0.6414427836785697,
            "support": 84721.0
        },
        "2": {
            "precision": 0.6258725314812866,
            "recall": 0.6318268197967446,
            "f1-score": 0.6288355810347258,
            "support": 84721.0
        },
        "3": {
            "precision": 0.6160222804718217,
            "recall": 0.6657499321301684,
            "f1-score": 0.6399214889863343,
            "support": 84721.0
        },
        "4": {
            "precision": 0.6496723015993551,
            "recall": 0.6563897970987123,
            "f1-score": 0.6530137742340798,
            "support": 84721.0
        },
        "5": {
            "precision": 0.6466914869574526,
            "recall": 0.6417299134807191,
            "f1-score": 0.6442011469737903,
            "support": 84721.0
        },
        "6": {
            "precision": 0.8330749291407253,
            "recall": 0.811805809657582,
            "f1-score": 0.8223028592949504,
            "support": 84721.0
        },
        "accuracy": 0.6922857716167521,
        "macro avg": {
            "precision": 0.6942408918445462,
            "recall": 0.6922857716167522,
            "f1-score": 0.6930392479899854,
            "support": 593047.0
        },
        "weighted avg": {
            "precision": 0.6942408918445462,
            "recall": 0.6922857716167521,
            "f1-score": 0.6930392479899854,
            "support": 593047.0
        }
    }
}