{
    "experiment_name": "run_2026_01_18_probs_seresnet_droppath_c64_v10",
    "global_accuracy": 0.6919738233226035,
    "inference_latency_ms": 0.07844522707494637,
    "ordinal_metrics": {
        "mae": 0.3895306780069708,
        "off_by_one_accuracy": 0.9473262658777466,
        "off_by_two_accuracy": 0.9804214505764298
    },
    "catastrophic_failure_counts": {
        "3": 8136,
        "4": 1944,
        "5": 1050,
        "6": 481
    },
    "classification_report": {
        "0": {
            "precision": 0.8334350734970943,
            "recall": 0.8057624437860743,
            "f1-score": 0.8193651765298957,
            "support": 84721.0
        },
        "1": {
            "precision": 0.644428003770748,
            "recall": 0.6374452615054119,
            "f1-score": 0.6409176141083762,
            "support": 84721.0
        },
        "2": {
            "precision": 0.6323238544171118,
            "recall": 0.6301743369412542,
            "f1-score": 0.6312472658051244,
            "support": 84721.0
        },
        "3": {
            "precision": 0.6196433035180576,
            "recall": 0.6729618394494872,
            "f1-score": 0.6452029060951044,
            "support": 84721.0
        },
        "4": {
            "precision": 0.6523509153954484,
            "recall": 0.6506415174513993,
            "f1-score": 0.6514950951424181,
            "support": 84721.0
        },
        "5": {
            "precision": 0.6457267375365686,
            "recall": 0.633089788836298,
            "f1-score": 0.6393458255852763,
            "support": 84721.0
        },
        "6": {
            "precision": 0.8273250930037201,
            "recall": 0.8137415752882993,
            "f1-score": 0.8204771170656527,
            "support": 84721.0
        },
        "accuracy": 0.6919738233226035,
        "macro avg": {
            "precision": 0.6936047115912499,
            "recall": 0.6919738233226035,
            "f1-score": 0.6925787143331211,
            "support": 593047.0
        },
        "weighted avg": {
            "precision": 0.6936047115912497,
            "recall": 0.6919738233226035,
            "f1-score": 0.6925787143331212,
            "support": 593047.0
        }
    }
}