{
    "experiment_name": "run_2026_01_17_probs_seresnet_droppath_c64_v10",
    "global_accuracy": 0.691849044004944,
    "inference_latency_ms": 0.05528376628522846,
    "ordinal_metrics": {
        "mae": 0.38950032628105363,
        "off_by_one_accuracy": 0.9474695934723555,
        "off_by_two_accuracy": 0.9804298816114069
    },
    "catastrophic_failure_counts": {
        "3": 8130,
        "4": 1947,
        "5": 1049,
        "6": 480
    },
    "classification_report": {
        "0": {
            "precision": 0.834546076085364,
            "recall": 0.8053915850741696,
            "f1-score": 0.8197096791600962,
            "support": 84873.0
        },
        "1": {
            "precision": 0.6433779220314308,
            "recall": 0.6375504026298052,
            "f1-score": 0.6404509063264676,
            "support": 84569.0
        },
        "2": {
            "precision": 0.6323238544171118,
            "recall": 0.6301743369412542,
            "f1-score": 0.6312472658051244,
            "support": 84721.0
        },
        "3": {
            "precision": 0.6217408788079686,
            "recall": 0.670350015819262,
            "f1-score": 0.6451310967014379,
            "support": 85339.0
        },
        "4": {
            "precision": 0.6495816518538681,
            "recall": 0.6506288301743656,
            "f1-score": 0.650104819319918,
            "support": 84363.0
        },
        "5": {
            "precision": 0.64590732335697,
            "recall": 0.6334462849923846,
            "f1-score": 0.639616118264187,
            "support": 84697.0
        },
        "6": {
            "precision": 0.826713068522741,
            "recall": 0.8154110197076404,
            "f1-score": 0.8210231504931025,
            "support": 84485.0
        },
        "accuracy": 0.691849044004944,
        "macro avg": {
            "precision": 0.6934558250107792,
            "recall": 0.6918503536198403,
            "f1-score": 0.6924690051529048,
            "support": 593047.0
        },
        "weighted avg": {
            "precision": 0.6934054700325462,
            "recall": 0.691849044004944,
            "f1-score": 0.6924421751977089,
            "support": 593047.0
        }
    }
}