{
    "experiment_name": "run_2026_01_18_probs_seresnet_droppath_c32_v12",
    "global_accuracy": 0.6831364124597207,
    "inference_latency_ms": 0.07511294825388741,
    "ordinal_metrics": {
        "mae": 0.40549568583940226,
        "off_by_one_accuracy": 0.9438138967063319,
        "off_by_two_accuracy": 0.9784502745988092
    },
    "catastrophic_failure_counts": {
        "3": 8786,
        "4": 2130,
        "5": 1260,
        "6": 604
    },
    "classification_report": {
        "0": {
            "precision": 0.8164994213032013,
            "recall": 0.8077100128657594,
            "f1-score": 0.8120809351450781,
            "support": 84721.0
        },
        "1": {
            "precision": 0.6433932922722765,
            "recall": 0.6202004225634731,
            "f1-score": 0.6315840084621487,
            "support": 84721.0
        },
        "2": {
            "precision": 0.6229760075641178,
            "recall": 0.6221597950921259,
            "f1-score": 0.6225676338059777,
            "support": 84721.0
        },
        "3": {
            "precision": 0.6047547025115566,
            "recall": 0.6701762254930891,
            "f1-score": 0.6357869512393132,
            "support": 84721.0
        },
        "4": {
            "precision": 0.6448270058426102,
            "recall": 0.6331133957342335,
            "f1-score": 0.6389165172748551,
            "support": 84721.0
        },
        "5": {
            "precision": 0.642209015090371,
            "recall": 0.619869925992375,
            "f1-score": 0.6308417670200306,
            "support": 84721.0
        },
        "6": {
            "precision": 0.8145127735707748,
            "recall": 0.8087251094769892,
            "f1-score": 0.811608623548922,
            "support": 84721.0
        },
        "accuracy": 0.6831364124597207,
        "macro avg": {
            "precision": 0.6841674597364155,
            "recall": 0.6831364124597208,
            "f1-score": 0.6833409194994751,
            "support": 593047.0
        },
        "weighted avg": {
            "precision": 0.6841674597364154,
            "recall": 0.6831364124597207,
            "f1-score": 0.6833409194994751,
            "support": 593047.0
        }
    }
}