{
    "experiment_name": "run_2026_01_10_seresnet_ls_droppath_reduced_v6",
    "global_accuracy": 0.6875070609917933,
    "inference_latency_ms": 0.15340693424767493,
    "ordinal_metrics": {
        "mae": 0.41317804491043714,
        "off_by_one_accuracy": 0.9361281652213063,
        "off_by_two_accuracy": 0.9754724330449357
    },
    "catastrophic_failure_counts": {
        "3": 9941,
        "4": 2576,
        "5": 1377,
        "6": 652
    },
    "classification_report": {
        "0": {
            "precision": 0.8272152832415421,
            "recall": 0.7942422775935128,
            "f1-score": 0.8103935206094,
            "support": 84721.0
        },
        "1": {
            "precision": 0.6358239011179779,
            "recall": 0.6484696828413262,
            "f1-score": 0.6420845337088829,
            "support": 84721.0
        },
        "2": {
            "precision": 0.6187420794848668,
            "recall": 0.6396879168092917,
            "f1-score": 0.6290406824908595,
            "support": 84721.0
        },
        "3": {
            "precision": 0.6489632237871674,
            "recall": 0.6265270712102077,
            "f1-score": 0.6375478190892002,
            "support": 84721.0
        },
        "4": {
            "precision": 0.6358208955223881,
            "recall": 0.6637315423566766,
            "f1-score": 0.6494764987497185,
            "support": 84721.0
        },
        "5": {
            "precision": 0.639334514621413,
            "recall": 0.6345652199572716,
            "f1-score": 0.6369409395178011,
            "support": 84721.0
        },
        "6": {
            "precision": 0.8182090733567583,
            "recall": 0.8053257161742661,
            "f1-score": 0.8117162776310467,
            "support": 84721.0
        },
        "accuracy": 0.6875070609917933,
        "macro avg": {
            "precision": 0.6891584244474449,
            "recall": 0.6875070609917933,
            "f1-score": 0.6881714673995585,
            "support": 593047.0
        },
        "weighted avg": {
            "precision": 0.6891584244474448,
            "recall": 0.6875070609917933,
            "f1-score": 0.6881714673995584,
            "support": 593047.0
        }
    }
}