{
    "experiment_name": "transformer_test_run",
    "global_accuracy": 0.6990187961493777,
    "inference_latency_ms": 0.10991925307355335,
    "ordinal_metrics": {
        "mae": 0.38607732608039497,
        "off_by_one_accuracy": 0.9453820692120524,
        "off_by_two_accuracy": 0.9791719711928397
    },
    "catastrophic_failure_counts": {
        "3": 8738,
        "4": 2020,
        "5": 1079,
        "6": 515
    },
    "classification_report": {
        "0": {
            "precision": 0.8400680136027205,
            "recall": 0.7930973430436373,
            "f1-score": 0.8159072280744362,
            "support": 84721.0
        },
        "1": {
            "precision": 0.6601240432182324,
            "recall": 0.6331724129790725,
            "f1-score": 0.6463673990709892,
            "support": 84721.0
        },
        "2": {
            "precision": 0.6276504653101692,
            "recall": 0.6575583385465233,
            "f1-score": 0.6422564114388485,
            "support": 84721.0
        },
        "3": {
            "precision": 0.6464875026108752,
            "recall": 0.6576055523423945,
            "f1-score": 0.6519991339914218,
            "support": 84721.0
        },
        "4": {
            "precision": 0.6514952721350042,
            "recall": 0.6798786605446111,
            "f1-score": 0.6653844154493944,
            "support": 84721.0
        },
        "5": {
            "precision": 0.6427342739895441,
            "recall": 0.6747795705905265,
            "f1-score": 0.6583672106226895,
            "support": 84721.0
        },
        "6": {
            "precision": 0.8492981838305579,
            "recall": 0.7970396949988787,
            "f1-score": 0.8223395380840168,
            "support": 84721.0
        },
        "accuracy": 0.6990187961493777,
        "macro avg": {
            "precision": 0.702551107813872,
            "recall": 0.6990187961493776,
            "f1-score": 0.7003744766759709,
            "support": 593047.0
        },
        "weighted avg": {
            "precision": 0.702551107813872,
            "recall": 0.6990187961493777,
            "f1-score": 0.7003744766759709,
            "support": 593047.0
        }
    }
}