{
    "experiment_name": "run_2025_12_28_giraffe_baseline_with_dropout",
    "global_accuracy": 0.53934,
    "inference_latency_ms": 0.009204273223876952,
    "ordinal_metrics": {
        "mae": 0.7756,
        "off_by_one_accuracy": 0.79961,
        "off_by_two_accuracy": 0.91312
    },
    "catastrophic_failure_counts": {
        "3": 7175,
        "4": 669,
        "5": 434,
        "6": 410
    },
    "classification_report": {
        "0": {
            "precision": 0.5282258064516129,
            "recall": 0.25486381322957197,
            "f1-score": 0.3438320209973753,
            "support": 7196.0
        },
        "1": {
            "precision": 0.2418678906405907,
            "recall": 0.16248826920498727,
            "f1-score": 0.19438652766639936,
            "support": 7459.0
        },
        "2": {
            "precision": 0.35418120899064637,
            "recall": 0.17985254501630513,
            "f1-score": 0.23856316705063707,
            "support": 14106.0
        },
        "3": {
            "precision": 0.6016327181832686,
            "recall": 0.8855532506164625,
            "f1-score": 0.7164911725120735,
            "support": 51098.0
        },
        "4": {
            "precision": 0.25283630470016205,
            "recall": 0.07030193780982424,
            "f1-score": 0.11001410437235543,
            "support": 8876.0
        },
        "5": {
            "precision": 0.2331288343558282,
            "recall": 0.1168032786885246,
            "f1-score": 0.15563139931740613,
            "support": 5856.0
        },
        "6": {
            "precision": 0.47941176470588237,
            "recall": 0.33148456276576077,
            "f1-score": 0.391955404962291,
            "support": 5409.0
        },
        "accuracy": 0.53934,
        "macro avg": {
            "precision": 0.38446921828971303,
            "recall": 0.2859068081902052,
            "f1-score": 0.30726768526836257,
            "support": 100000.0
        },
        "weighted avg": {
            "precision": 0.47546029997065176,
            "recall": 0.53934,
            "f1-score": 0.47908531750651795,
            "support": 100000.0
        }
    }
}