{
    "experiment_name": "run_2026_01_20_probs_mlp_v1",
    "global_accuracy": 0.5734553922370402,
    "inference_latency_ms": 0.06337742108477469,
    "ordinal_metrics": {
        "mae": 0.6481880862730948,
        "off_by_one_accuracy": 0.8719460683554592,
        "off_by_two_accuracy": 0.9412542344873172
    },
    "catastrophic_failure_counts": {
        "3": 21745,
        "4": 7355,
        "5": 3908,
        "6": 1831
    },
    "classification_report": {
        "0": {
            "precision": 0.7088208820882088,
            "recall": 0.706436420722135,
            "f1-score": 0.7076266427047063,
            "support": 84721.0
        },
        "1": {
            "precision": 0.5065313613300226,
            "recall": 0.498436043011768,
            "f1-score": 0.5024510970444053,
            "support": 84721.0
        },
        "2": {
            "precision": 0.5195754327138775,
            "recall": 0.5194343787254636,
            "f1-score": 0.5195048961450605,
            "support": 84721.0
        },
        "3": {
            "precision": 0.5197117998912453,
            "recall": 0.5414950248462601,
            "f1-score": 0.5303798419589232,
            "support": 84721.0
        },
        "4": {
            "precision": 0.5414182598286141,
            "recall": 0.5391815488485735,
            "f1-score": 0.5402975894779174,
            "support": 84721.0
        },
        "5": {
            "precision": 0.5108859223300971,
            "recall": 0.4968897911969878,
            "f1-score": 0.5037906666427319,
            "support": 84721.0
        },
        "6": {
            "precision": 0.7057997964983684,
            "recall": 0.7123145383080937,
            "f1-score": 0.7090422032145879,
            "support": 84721.0
        },
        "accuracy": 0.5734553922370402,
        "macro avg": {
            "precision": 0.5732490649543477,
            "recall": 0.5734553922370402,
            "f1-score": 0.5732989910269046,
            "support": 593047.0
        },
        "weighted avg": {
            "precision": 0.5732490649543477,
            "recall": 0.5734553922370402,
            "f1-score": 0.5732989910269046,
            "support": 593047.0
        }
    }
}