{
    "experiment_name": "run_2026_01_19_probs_mlp_v1",
    "global_accuracy": 0.5903258932260006,
    "inference_latency_ms": 0.05557502597338201,
    "ordinal_metrics": {
        "mae": 0.6067461769471897,
        "off_by_one_accuracy": 0.88460611047691,
        "off_by_two_accuracy": 0.9481255279935654
    },
    "catastrophic_failure_counts": {
        "3": 19268,
        "4": 6716,
        "5": 3381,
        "6": 1399
    },
    "classification_report": {
        "0": {
            "precision": 0.7450753038913381,
            "recall": 0.690206678391426,
            "f1-score": 0.7165922195057689,
            "support": 84721.0
        },
        "1": {
            "precision": 0.5238341255080251,
            "recall": 0.5385559660532808,
            "f1-score": 0.5310930434225919,
            "support": 84721.0
        },
        "2": {
            "precision": 0.5242418129244839,
            "recall": 0.5521181289172696,
            "f1-score": 0.5378189908420381,
            "support": 84721.0
        },
        "3": {
            "precision": 0.5424111774606322,
            "recall": 0.5553758808323792,
            "f1-score": 0.5488169735284341,
            "support": 84721.0
        },
        "4": {
            "precision": 0.5558447676815265,
            "recall": 0.5570519705858051,
            "f1-score": 0.5564477143834082,
            "support": 84721.0
        },
        "5": {
            "precision": 0.5246834721113266,
            "recall": 0.542946849069298,
            "f1-score": 0.5336589497131521,
            "support": 84721.0
        },
        "6": {
            "precision": 0.7472248973592174,
            "recall": 0.6960257787325457,
            "f1-score": 0.7207171972108998,
            "support": 84721.0
        },
        "accuracy": 0.5903258932260006,
        "macro avg": {
            "precision": 0.59475936527665,
            "recall": 0.5903258932260006,
            "f1-score": 0.5921635840866133,
            "support": 593047.0
        },
        "weighted avg": {
            "precision": 0.5947593652766499,
            "recall": 0.5903258932260006,
            "f1-score": 0.5921635840866133,
            "support": 593047.0
        }
    }
}