{
    "experiment_name": "probs_mlp_v4_probe",
    "global_accuracy": 0.5742588988775064,
    "inference_latency_ms": 0.06041440916323502,
    "ordinal_metrics": {
        "mae": 0.6321132266240145,
        "off_by_one_accuracy": 0.8787642594230122,
        "off_by_two_accuracy": 0.9464875365837576
    },
    "error_magnitude_counts": {
        "0": 339646,
        "1": 180100,
        "2": 40055,
        "3": 19386,
        "4": 7241,
        "5": 3606,
        "6": 1417
    },
    "classification_report": {
        "0": {
            "precision": 0.7584834845427737,
            "recall": 0.6362183849549666,
            "f1-score": 0.691991812880553,
            "support": 84493.0
        },
        "1": {
            "precision": 0.5091217979324665,
            "recall": 0.542660338726285,
            "f1-score": 0.5253563408038865,
            "support": 84493.0
        },
        "2": {
            "precision": 0.5120129721828895,
            "recall": 0.5306711798610536,
            "f1-score": 0.5211751373027634,
            "support": 84493.0
        },
        "3": {
            "precision": 0.5206419222201288,
            "recall": 0.555986886487638,
            "f1-score": 0.537734229232724,
            "support": 84493.0
        },
        "4": {
            "precision": 0.5352430575050813,
            "recall": 0.5641295728640242,
            "f1-score": 0.5493068120267826,
            "support": 84493.0
        },
        "5": {
            "precision": 0.5060849572781837,
            "recall": 0.5418792089285503,
            "f1-score": 0.5233707890856301,
            "support": 84493.0
        },
        "6": {
            "precision": 0.7483195803049347,
            "recall": 0.6482667203200265,
            "f1-score": 0.6947092060955425,
            "support": 84493.0
        },
        "accuracy": 0.5742588988775064,
        "macro avg": {
            "precision": 0.5842725388523512,
            "recall": 0.5742588988775064,
            "f1-score": 0.5776634753468403,
            "support": 591451.0
        },
        "weighted avg": {
            "precision": 0.5842725388523512,
            "recall": 0.5742588988775064,
            "f1-score": 0.5776634753468403,
            "support": 591451.0
        }
    }
}