{
    "experiment_name": "probs_mlp_v4_probe_probe",
    "global_accuracy": 0.7643484886302432,
    "inference_latency_ms": 0.06417152739835875,
    "ordinal_metrics": {
        "mae": 0.5046503684825874,
        "off_by_one_accuracy": 0.8484459361822314,
        "off_by_two_accuracy": 0.8988544855037243
    },
    "error_magnitude_counts": {
        "0": 232738,
        "1": 25607,
        "2": 15349,
        "3": 28629,
        "4": 488,
        "5": 568,
        "6": 1113
    },
    "classification_report": {
        "0": {
            "precision": 0.8183233639149758,
            "recall": 0.914286658005417,
            "f1-score": 0.8636474729983412,
            "support": 90826.0
        },
        "1": {
            "precision": 0.22000858737655646,
            "recall": 0.21607489246858397,
            "f1-score": 0.21802399795762062,
            "support": 11857.0
        },
        "2": {
            "precision": 0.2666414523449319,
            "recall": 0.18567289965762443,
            "f1-score": 0.21891010712622264,
            "support": 3797.0
        },
        "3": {
            "precision": 0.8138470522727581,
            "recall": 0.6546999956299436,
            "f1-score": 0.7256501074682893,
            "support": 91532.0
        },
        "4": {
            "precision": 0.26365441906653425,
            "recall": 0.139847247827232,
            "f1-score": 0.18275684047496127,
            "support": 3797.0
        },
        "5": {
            "precision": 0.2448623099054665,
            "recall": 0.20097832504006072,
            "f1-score": 0.22076057251378017,
            "support": 11857.0
        },
        "6": {
            "precision": 0.8088285097777391,
            "recall": 0.9203311827009887,
            "f1-score": 0.8609847919123668,
            "support": 90826.0
        },
        "accuracy": 0.7643484886302432,
        "macro avg": {
            "precision": 0.4908808135227089,
            "recall": 0.4616987430471215,
            "f1-score": 0.4701048414930832,
            "support": 304492.0
        },
        "weighted avg": {
            "precision": 0.754720163818645,
            "recall": 0.7643484886302432,
            "f1-score": 0.7546649954077234,
            "support": 304492.0
        }
    }
}