{
    "experiment_name": "run_2026_01_20_probs_mlp_v2",
    "global_accuracy": 0.5815289513310075,
    "inference_latency_ms": 0.05730915050122161,
    "ordinal_metrics": {
        "mae": 0.6311877473454887,
        "off_by_one_accuracy": 0.8755309444276761,
        "off_by_two_accuracy": 0.9440954932745634
    },
    "catastrophic_failure_counts": {
        "3": 20792,
        "4": 7103,
        "5": 3699,
        "6": 1560
    },
    "classification_report": {
        "0": {
            "precision": 0.7273509526736325,
            "recall": 0.6984100754240389,
            "f1-score": 0.7125867851701982,
            "support": 84721.0
        },
        "1": {
            "precision": 0.522548309178744,
            "recall": 0.5106998264893001,
            "f1-score": 0.5165561332609045,
            "support": 84721.0
        },
        "2": {
            "precision": 0.5221535560909186,
            "recall": 0.529561737939826,
            "f1-score": 0.5258315557534985,
            "support": 84721.0
        },
        "3": {
            "precision": 0.5326632585942278,
            "recall": 0.5448354009041442,
            "f1-score": 0.5386805774370106,
            "support": 84721.0
        },
        "4": {
            "precision": 0.5418515402611471,
            "recall": 0.5549627601185066,
            "f1-score": 0.5483287850162106,
            "support": 84721.0
        },
        "5": {
            "precision": 0.5150533404299632,
            "recall": 0.5254187273521322,
            "f1-score": 0.5201844028817333,
            "support": 84721.0
        },
        "6": {
            "precision": 0.7204282964388835,
            "recall": 0.7068141310891043,
            "f1-score": 0.7135562824339703,
            "support": 84721.0
        },
        "accuracy": 0.5815289513310075,
        "macro avg": {
            "precision": 0.5831498933810738,
            "recall": 0.5815289513310075,
            "f1-score": 0.5822463602790752,
            "support": 593047.0
        },
        "weighted avg": {
            "precision": 0.5831498933810738,
            "recall": 0.5815289513310075,
            "f1-score": 0.5822463602790752,
            "support": 593047.0
        }
    }
}