{
    "experiment_name": "run_2026_01_10_seresnet",
    "global_accuracy": 0.5268486308842301,
    "inference_latency_ms": 0.03540370025585108,
    "ordinal_metrics": {
        "mae": 0.6674310805045806,
        "off_by_one_accuracy": 0.8775021204052967,
        "off_by_two_accuracy": 0.9520493316718573
    },
    "catastrophic_failure_counts": {
        "3": 18638,
        "4": 6075,
        "5": 3114,
        "6": 610
    },
    "classification_report": {
        "0": {
            "precision": 0.9163319750227199,
            "recall": 0.36894040438616166,
            "f1-score": 0.5260704187424263,
            "support": 84721.0
        },
        "1": {
            "precision": 0.4394438502673797,
            "recall": 0.6062251389856116,
            "f1-score": 0.5095339193237961,
            "support": 84721.0
        },
        "2": {
            "precision": 0.4959728227300803,
            "recall": 0.473896672607736,
            "f1-score": 0.4846834992243664,
            "support": 84721.0
        },
        "3": {
            "precision": 0.4992593069689553,
            "recall": 0.5489666080428701,
            "f1-score": 0.5229343872451189,
            "support": 84721.0
        },
        "4": {
            "precision": 0.49956676709793035,
            "recall": 0.5988715902786794,
            "f1-score": 0.5447303296597114,
            "support": 84721.0
        },
        "5": {
            "precision": 0.44776107429928286,
            "recall": 0.6588331110350445,
            "f1-score": 0.533167127553384,
            "support": 84721.0
        },
        "6": {
            "precision": 0.8773691146519708,
            "recall": 0.4322068908535074,
            "f1-score": 0.5791263364332258,
            "support": 84721.0
        },
        "accuracy": 0.5268486308842301,
        "macro avg": {
            "precision": 0.5965292730054742,
            "recall": 0.5268486308842302,
            "f1-score": 0.5286065740260041,
            "support": 593047.0
        },
        "weighted avg": {
            "precision": 0.5965292730054741,
            "recall": 0.5268486308842301,
            "f1-score": 0.5286065740260041,
            "support": 593047.0
        }
    }
}