{
    "experiment_name": "run_2025_12_28_giraffe_baseline_with_dropout",
    "global_accuracy": 0.86731,
    "inference_latency_ms": 0.012166330814361572,
    "ordinal_metrics": {
        "mae": 0.15823,
        "off_by_one_accuracy": 0.98272,
        "off_by_two_accuracy": 0.99366
    },
    "catastrophic_failure_counts": {
        "3": 524,
        "4": 55,
        "5": 28,
        "6": 27
    },
    "classification_report": {
        "0": {
            "precision": 0.8699118757868234,
            "recall": 0.8172678888231816,
            "f1-score": 0.8427685740420775,
            "support": 5073.0
        },
        "1": {
            "precision": 0.7652443317842558,
            "recall": 0.774294670846395,
            "f1-score": 0.7697428996387846,
            "support": 7018.0
        },
        "2": {
            "precision": 0.802916199327031,
            "recall": 0.7100751027348732,
            "f1-score": 0.7536471649872162,
            "support": 14114.0
        },
        "3": {
            "precision": 0.9071219640450915,
            "recall": 0.9512829792000551,
            "f1-score": 0.9286777756281386,
            "support": 58029.0
        },
        "4": {
            "precision": 0.7856046868461432,
            "recall": 0.735632183908046,
            "f1-score": 0.7597976391231028,
            "support": 7656.0
        },
        "5": {
            "precision": 0.785226019845645,
            "recall": 0.7615483319076134,
            "f1-score": 0.7732059494083161,
            "support": 4676.0
        },
        "6": {
            "precision": 0.8839314581312642,
            "recall": 0.796156086196855,
            "f1-score": 0.8377508809560288,
            "support": 3434.0
        },
        "accuracy": 0.86731,
        "macro avg": {
            "precision": 0.828565219395179,
            "recall": 0.7923224633738599,
            "f1-score": 0.8093701262548093,
            "support": 100000.0
        },
        "weighted avg": {
            "precision": 0.8647701433371786,
            "recall": 0.86731,
            "f1-score": 0.8651399764409803,
            "support": 100000.0
        }
    }
}