{
    "experiment_name": "run_2026_01_15_probs_seresnet_droppath_c64_bn_v9",
    "global_accuracy": 0.6937139889418545,
    "inference_latency_ms": 0.10767074806054332,
    "ordinal_metrics": {
        "mae": 0.3850167018802894,
        "off_by_one_accuracy": 0.9486769176810607,
        "off_by_two_accuracy": 0.9812999644210324
    },
    "catastrophic_failure_counts": {
        "3": 7824,
        "4": 1827,
        "5": 980,
        "6": 459
    },
    "classification_report": {
        "0": {
            "precision": 0.8242623261768994,
            "recall": 0.8192122347507452,
            "f1-score": 0.8217295214683323,
            "support": 84873.0
        },
        "1": {
            "precision": 0.6474559545585828,
            "recall": 0.6361787416192695,
            "f1-score": 0.6417678108132288,
            "support": 84569.0
        },
        "2": {
            "precision": 0.631382885257424,
            "recall": 0.6361822924658586,
            "f1-score": 0.6337735028162224,
            "support": 84721.0
        },
        "3": {
            "precision": 0.6209266526461852,
            "recall": 0.6711819918208557,
            "f1-score": 0.6450770053777064,
            "support": 85339.0
        },
        "4": {
            "precision": 0.6551296111064245,
            "recall": 0.6443820158126192,
            "f1-score": 0.6497113695306618,
            "support": 84363.0
        },
        "5": {
            "precision": 0.654897718332022,
            "recall": 0.6289715102069731,
            "f1-score": 0.6416728398407622,
            "support": 84697.0
        },
        "6": {
            "precision": 0.8278949129852744,
            "recall": 0.8198496774575369,
            "f1-score": 0.8238526544909575,
            "support": 84485.0
        },
        "accuracy": 0.6937139889418545,
        "macro avg": {
            "precision": 0.6945642944375446,
            "recall": 0.6937083520191225,
            "f1-score": 0.6939406720482673,
            "support": 593047.0
        },
        "weighted avg": {
            "precision": 0.6945052267655739,
            "recall": 0.6937139889418545,
            "f1-score": 0.693912994181985,
            "support": 593047.0
        }
    }
}