{
    "experiment_name": "run_2026_01_15_probs_seresnet_droppath_c64_bn_v9",
    "global_accuracy": 0.6938522579154772,
    "inference_latency_ms": 0.07647778845500008,
    "ordinal_metrics": {
        "mae": 0.385040308778225,
        "off_by_one_accuracy": 0.9485369625004426,
        "off_by_two_accuracy": 0.9812831023510784
    },
    "catastrophic_failure_counts": {
        "3": 7831,
        "4": 1830,
        "5": 980,
        "6": 459
    },
    "classification_report": {
        "0": {
            "precision": 0.823195381314239,
            "recall": 0.8196196928742578,
            "f1-score": 0.8214036457409182,
            "support": 84721.0
        },
        "1": {
            "precision": 0.6484788678155387,
            "recall": 0.636040651078245,
            "f1-score": 0.6421995387833176,
            "support": 84721.0
        },
        "2": {
            "precision": 0.631382885257424,
            "recall": 0.6361822924658586,
            "f1-score": 0.6337735028162224,
            "support": 84721.0
        },
        "3": {
            "precision": 0.6188452615831581,
            "recall": 0.6738116877751679,
            "f1-score": 0.6451598320590844,
            "support": 84721.0
        },
        "4": {
            "precision": 0.658082165367141,
            "recall": 0.6445509377840205,
            "f1-score": 0.6512462731067382,
            "support": 84721.0
        },
        "5": {
            "precision": 0.6547133162863886,
            "recall": 0.6286162816775062,
            "f1-score": 0.6413994520217987,
            "support": 84721.0
        },
        "6": {
            "precision": 0.8284805890227577,
            "recall": 0.8181442617532844,
            "f1-score": 0.8232799833714405,
            "support": 84721.0
        },
        "accuracy": 0.6938522579154772,
        "macro avg": {
            "precision": 0.694739780949521,
            "recall": 0.6938522579154771,
            "f1-score": 0.6940660325570743,
            "support": 593047.0
        },
        "weighted avg": {
            "precision": 0.6947397809495209,
            "recall": 0.6938522579154772,
            "f1-score": 0.6940660325570743,
            "support": 593047.0
        }
    }
}