{
    "experiment_name": "run_2026_01_18_probs_resnet_droppath_c64_v11",
    "global_accuracy": 0.68834004724752,
    "inference_latency_ms": 0.06768180497015518,
    "ordinal_metrics": {
        "mae": 0.3951103369547439,
        "off_by_one_accuracy": 0.9460599244242025,
        "off_by_two_accuracy": 0.9799290781337735
    },
    "catastrophic_failure_counts": {
        "3": 8395,
        "4": 1920,
        "5": 1086,
        "6": 502
    },
    "classification_report": {
        "0": {
            "precision": 0.8195244914140996,
            "recall": 0.8159131879396274,
            "f1-score": 0.8177148525139929,
            "support": 84873.0
        },
        "1": {
            "precision": 0.6488161097587962,
            "recall": 0.6240584611382421,
            "f1-score": 0.6361965149990055,
            "support": 84569.0
        },
        "2": {
            "precision": 0.6306601525262154,
            "recall": 0.6246975366202004,
            "f1-score": 0.6276646841515409,
            "support": 84721.0
        },
        "3": {
            "precision": 0.6139596355718294,
            "recall": 0.6641043368213829,
            "f1-score": 0.6380482752409259,
            "support": 85339.0
        },
        "4": {
            "precision": 0.6479256404443436,
            "recall": 0.6436708035513199,
            "f1-score": 0.6457912137573437,
            "support": 84363.0
        },
        "5": {
            "precision": 0.6466662569901063,
            "recall": 0.6212262535863136,
            "f1-score": 0.6336910310606881,
            "support": 84697.0
        },
        "6": {
            "precision": 0.812046198850856,
            "recall": 0.8247144463514233,
            "f1-score": 0.8183312975664756,
            "support": 84485.0
        },
        "accuracy": 0.68834004724752,
        "macro avg": {
            "precision": 0.6885140693651781,
            "recall": 0.6883407180012158,
            "f1-score": 0.6882054098985676,
            "support": 593047.0
        },
        "weighted avg": {
            "precision": 0.6884571673935288,
            "recall": 0.68834004724752,
            "f1-score": 0.6881756931912996,
            "support": 593047.0
        }
    }
}