{
    "experiment_name": "run_2026_01_15_probs_seresnet_droppath_c128_bn_v8",
    "global_accuracy": 0.6919923715995528,
    "inference_latency_ms": 0.07729226589957881,
    "ordinal_metrics": {
        "mae": 0.3873470399479299,
        "off_by_one_accuracy": 0.9473313244987328,
        "off_by_two_accuracy": 0.9813910195987839
    },
    "catastrophic_failure_counts": {
        "3": 7977,
        "4": 1744,
        "5": 908,
        "6": 407
    },
    "classification_report": {
        "0": {
            "precision": 0.836168733765046,
            "recall": 0.8078540878724683,
            "f1-score": 0.8217675823385588,
            "support": 84873.0
        },
        "1": {
            "precision": 0.651850492445097,
            "recall": 0.6300062670718585,
            "f1-score": 0.6407422551472003,
            "support": 84569.0
        },
        "2": {
            "precision": 0.6258725314812866,
            "recall": 0.6318268197967446,
            "f1-score": 0.6288355810347258,
            "support": 84721.0
        },
        "3": {
            "precision": 0.6178571428571429,
            "recall": 0.6628973857204795,
            "f1-score": 0.6395853000864901,
            "support": 85339.0
        },
        "4": {
            "precision": 0.6465179854434151,
            "recall": 0.6559747756717993,
            "f1-score": 0.6512120498940928,
            "support": 84363.0
        },
        "5": {
            "precision": 0.6468104340378965,
            "recall": 0.642029823960707,
            "f1-score": 0.6444112627986348,
            "support": 84697.0
        },
        "6": {
            "precision": 0.8324087308316578,
            "recall": 0.8134225010356868,
            "f1-score": 0.8228061038175799,
            "support": 84485.0
        },
        "accuracy": 0.6919923715995528,
        "macro avg": {
            "precision": 0.6939265786945059,
            "recall": 0.6920016658756777,
            "f1-score": 0.6927657335881834,
            "support": 593047.0
        },
        "weighted avg": {
            "precision": 0.6938699672240566,
            "recall": 0.6919923715995528,
            "f1-score": 0.6927320053010766,
            "support": 593047.0
        }
    }
}