{
    "experiment_name": "run_2026_01_06_pyramidal_mlp_v1",
    "global_accuracy": 0.577895175255924,
    "inference_latency_ms": 0.01304698714822861,
    "ordinal_metrics": {
        "mae": 0.6612899146273398,
        "off_by_one_accuracy": 0.8610986987540616,
        "off_by_two_accuracy": 0.9366188514569671
    },
    "catastrophic_failure_counts": {
        "3": 23317,
        "4": 8377,
        "5": 4174,
        "6": 1720
    },
    "classification_report": {
        "0": {
            "precision": 0.7285970503606405,
            "recall": 0.6665053528641068,
            "f1-score": 0.6961694468074614,
            "support": 84721.0
        },
        "1": {
            "precision": 0.5183623892540726,
            "recall": 0.5138041335678285,
            "f1-score": 0.5160731963224006,
            "support": 84721.0
        },
        "2": {
            "precision": 0.5060205672200776,
            "recall": 0.5709328265719243,
            "f1-score": 0.5365204370251234,
            "support": 84721.0
        },
        "3": {
            "precision": 0.5579963971176941,
            "recall": 0.5264810377592333,
            "f1-score": 0.5417807927995772,
            "support": 84721.0
        },
        "4": {
            "precision": 0.5258013784659553,
            "recall": 0.5880006137793463,
            "f1-score": 0.5551642669281861,
            "support": 84721.0
        },
        "5": {
            "precision": 0.516973184134044,
            "recall": 0.5185963338487506,
            "f1-score": 0.5177834869304924,
            "support": 84721.0
        },
        "6": {
            "precision": 0.7337482801546222,
            "recall": 0.6609459284002785,
            "f1-score": 0.6954469807993243,
            "support": 84721.0
        },
        "accuracy": 0.577895175255924,
        "macro avg": {
            "precision": 0.583928463815301,
            "recall": 0.5778951752559242,
            "f1-score": 0.5798483725160809,
            "support": 593047.0
        },
        "weighted avg": {
            "precision": 0.583928463815301,
            "recall": 0.577895175255924,
            "f1-score": 0.5798483725160808,
            "support": 593047.0
        }
    }
}