{
    "experiment_name": "transformer_v1_probe",
    "global_accuracy": 0.7201594045829663,
    "inference_latency_ms": 0.10730378189207782,
    "ordinal_metrics": {
        "mae": 0.34872035046013955,
        "off_by_one_accuracy": 0.9550562937589082,
        "off_by_two_accuracy": 0.9836706675616408
    },
    "error_magnitude_counts": {
        "0": 425939,
        "1": 138930,
        "2": 16924,
        "3": 6846,
        "4": 1522,
        "5": 893,
        "6": 397
    },
    "classification_report": {
        "0": {
            "precision": 0.8193222750420615,
            "recall": 0.8587693655095688,
            "f1-score": 0.83858217666162,
            "support": 84493.0
        },
        "1": {
            "precision": 0.6777431595281681,
            "recall": 0.6616524445812079,
            "f1-score": 0.669601149838304,
            "support": 84493.0
        },
        "2": {
            "precision": 0.6626899839516662,
            "recall": 0.66465861077249,
            "f1-score": 0.6636728375000739,
            "support": 84493.0
        },
        "3": {
            "precision": 0.6773127753303965,
            "recall": 0.6550838531002569,
            "f1-score": 0.666012887078628,
            "support": 84493.0
        },
        "4": {
            "precision": 0.6863567254240509,
            "recall": 0.6838791379167505,
            "f1-score": 0.6851156917495154,
            "support": 84493.0
        },
        "5": {
            "precision": 0.6828215971073114,
            "recall": 0.6593208904879694,
            "f1-score": 0.670865496935175,
            "support": 84493.0
        },
        "6": {
            "precision": 0.8220175577887168,
            "recall": 0.8577515297125206,
            "f1-score": 0.8395044567615937,
            "support": 84493.0
        },
        "accuracy": 0.7201594045829663,
        "macro avg": {
            "precision": 0.7183234391674816,
            "recall": 0.7201594045829662,
            "f1-score": 0.7190506709321299,
            "support": 591451.0
        },
        "weighted avg": {
            "precision": 0.7183234391674816,
            "recall": 0.7201594045829663,
            "f1-score": 0.71905067093213,
            "support": 591451.0
        }
    }
}