{
    "experiment_name": "run_2025_12_28_giraffe_baseline_with_dropout_state",
    "global_accuracy": 0.54368,
    "inference_latency_ms": 0.010447993278503417,
    "ordinal_metrics": {
        "mae": 0.76788,
        "off_by_one_accuracy": 0.80143,
        "off_by_two_accuracy": 0.9137
    },
    "catastrophic_failure_counts": {
        "3": 7146,
        "4": 663,
        "5": 457,
        "6": 364
    },
    "classification_report": {
        "0": {
            "precision": 0.5026420079260238,
            "recall": 0.31725958866036685,
            "f1-score": 0.3889930141421026,
            "support": 7196.0
        },
        "1": {
            "precision": 0.24673314993122422,
            "recall": 0.19238503820887518,
            "f1-score": 0.21619585687382298,
            "support": 7459.0
        },
        "2": {
            "precision": 0.37347641759406464,
            "recall": 0.19984403799801503,
            "f1-score": 0.2603675995197192,
            "support": 14106.0
        },
        "3": {
            "precision": 0.6080558335813022,
            "recall": 0.8797996007671534,
            "f1-score": 0.7191119073517179,
            "support": 51098.0
        },
        "4": {
            "precision": 0.30073161340007704,
            "recall": 0.08799008562415503,
            "f1-score": 0.1361457334611697,
            "support": 8876.0
        },
        "5": {
            "precision": 0.24765868886576484,
            "recall": 0.12192622950819672,
            "f1-score": 0.16340542396155167,
            "support": 5856.0
        },
        "6": {
            "precision": 0.5149253731343284,
            "recall": 0.25513033832501386,
            "f1-score": 0.3412041043392261,
            "support": 5409.0
        },
        "accuracy": 0.54368,
        "macro avg": {
            "precision": 0.3991747263475407,
            "recall": 0.29347641701311084,
            "f1-score": 0.3179176628070443,
            "support": 100000.0
        },
        "weighted avg": {
            "precision": 0.4870090421111251,
            "recall": 0.54368,
            "f1-score": 0.4884062892016272,
            "support": 100000.0
        }
    }
}