{
    "experiment_name": "run_2026_01_22_probs_mlp_v4",
    "global_accuracy": 0.5817582754823817,
    "inference_latency_ms": 0.06234985653510776,
    "ordinal_metrics": {
        "mae": 0.622257595097859,
        "off_by_one_accuracy": 0.880483334373161,
        "off_by_two_accuracy": 0.9463516382344064
    },
    "catastrophic_failure_counts": {
        "3": 19760,
        "4": 7154,
        "5": 3564,
        "6": 1338
    },
    "classification_report": {
        "0": {
            "precision": 0.760467774308653,
            "recall": 0.6439843722335666,
            "f1-score": 0.6973955836768606,
            "support": 84721.0
        },
        "1": {
            "precision": 0.5109404691788814,
            "recall": 0.5426989766409744,
            "f1-score": 0.5263410948554159,
            "support": 84721.0
        },
        "2": {
            "precision": 0.5171611468004449,
            "recall": 0.5378241522172779,
            "f1-score": 0.5272902960764232,
            "support": 84721.0
        },
        "3": {
            "precision": 0.5329407967231726,
            "recall": 0.5651609400266758,
            "f1-score": 0.5485781719025686,
            "support": 84721.0
        },
        "4": {
            "precision": 0.546969976054522,
            "recall": 0.5608054673575619,
            "f1-score": 0.5538013229594662,
            "support": 84721.0
        },
        "5": {
            "precision": 0.5153059539665592,
            "recall": 0.5525666599780455,
            "f1-score": 0.5332862480634284,
            "support": 84721.0
        },
        "6": {
            "precision": 0.7494580733847943,
            "recall": 0.6692673599225694,
            "f1-score": 0.7070964040978445,
            "support": 84721.0
        },
        "accuracy": 0.5817582754823817,
        "macro avg": {
            "precision": 0.5904634557738611,
            "recall": 0.5817582754823817,
            "f1-score": 0.5848270173760011,
            "support": 593047.0
        },
        "weighted avg": {
            "precision": 0.5904634557738611,
            "recall": 0.5817582754823817,
            "f1-score": 0.5848270173760011,
            "support": 593047.0
        }
    }
}