{
    "experiment_name": "run_2026_01_22_probs_mlp_v5",
    "global_accuracy": 0.5915939208865402,
    "inference_latency_ms": 0.06348052151068513,
    "ordinal_metrics": {
        "mae": 0.6065775562476499,
        "off_by_one_accuracy": 0.8836719518014593,
        "off_by_two_accuracy": 0.9478911452212051
    },
    "catastrophic_failure_counts": {
        "3": 19414,
        "4": 6738,
        "5": 3357,
        "6": 1394
    },
    "classification_report": {
        "0": {
            "precision": 0.7611304009759629,
            "recall": 0.6701408151461857,
            "f1-score": 0.7127433872729327,
            "support": 84721.0
        },
        "1": {
            "precision": 0.5273564216201398,
            "recall": 0.5449534353938221,
            "f1-score": 0.5360105416528801,
            "support": 84721.0
        },
        "2": {
            "precision": 0.5255637765274024,
            "recall": 0.560073653521559,
            "f1-score": 0.5422702208508329,
            "support": 84721.0
        },
        "3": {
            "precision": 0.5393773820364937,
            "recall": 0.5662822676786157,
            "f1-score": 0.5525024759886681,
            "support": 84721.0
        },
        "4": {
            "precision": 0.5525187444110701,
            "recall": 0.5688554195535935,
            "f1-score": 0.5605680820252752,
            "support": 84721.0
        },
        "5": {
            "precision": 0.5283117771067176,
            "recall": 0.5472315010446053,
            "f1-score": 0.5376052320322827,
            "support": 84721.0
        },
        "6": {
            "precision": 0.7551698959501395,
            "recall": 0.6836203538674,
            "f1-score": 0.7176160827680204,
            "support": 84721.0
        },
        "accuracy": 0.5915939208865402,
        "macro avg": {
            "precision": 0.5984897712325609,
            "recall": 0.5915939208865403,
            "f1-score": 0.5941880032272703,
            "support": 593047.0
        },
        "weighted avg": {
            "precision": 0.5984897712325609,
            "recall": 0.5915939208865402,
            "f1-score": 0.5941880032272703,
            "support": 593047.0
        }
    }
}