{
    "experiment_name": "run_2026_01_10_seresnet_ls_droppath_v5",
    "global_accuracy": 0.6824383227636258,
    "inference_latency_ms": 0.06638998502436691,
    "ordinal_metrics": {
        "mae": 0.42317050756516766,
        "off_by_one_accuracy": 0.9329176271020678,
        "off_by_two_accuracy": 0.9744303571217795
    },
    "catastrophic_failure_counts": {
        "3": 10266,
        "4": 2767,
        "5": 1476,
        "6": 655
    },
    "classification_report": {
        "0": {
            "precision": 0.8256463621610238,
            "recall": 0.7866644633561927,
            "f1-score": 0.8056841672610341,
            "support": 84721.0
        },
        "1": {
            "precision": 0.6304840275530489,
            "recall": 0.6439017480907921,
            "f1-score": 0.6371222517445765,
            "support": 84721.0
        },
        "2": {
            "precision": 0.6124284266964154,
            "recall": 0.6350255544670153,
            "f1-score": 0.6235223216355292,
            "support": 84721.0
        },
        "3": {
            "precision": 0.6436962012899429,
            "recall": 0.6196338570130192,
            "f1-score": 0.6314358743046159,
            "support": 84721.0
        },
        "4": {
            "precision": 0.6307859250132815,
            "recall": 0.658691469647431,
            "f1-score": 0.644436745770541,
            "support": 84721.0
        },
        "5": {
            "precision": 0.6321435721098929,
            "recall": 0.6336209440398485,
            "f1-score": 0.632881395897194,
            "support": 84721.0
        },
        "6": {
            "precision": 0.8159806295399515,
            "recall": 0.799530222731082,
            "f1-score": 0.8076716706213409,
            "support": 84721.0
        },
        "accuracy": 0.6824383227636258,
        "macro avg": {
            "precision": 0.6844521634805082,
            "recall": 0.6824383227636258,
            "f1-score": 0.6832506324621189,
            "support": 593047.0
        },
        "weighted avg": {
            "precision": 0.6844521634805082,
            "recall": 0.6824383227636258,
            "f1-score": 0.6832506324621187,
            "support": 593047.0
        }
    }
}