{
    "experiment_name": "run_2026_01_05_wide_mlp_v1",
    "global_accuracy": 0.578766944272545,
    "inference_latency_ms": 0.013097560043086286,
    "ordinal_metrics": {
        "mae": 0.6503025898453242,
        "off_by_one_accuracy": 0.8675821646513683,
        "off_by_two_accuracy": 0.9387485308921553
    },
    "catastrophic_failure_counts": {
        "3": 22353,
        "4": 8405,
        "5": 4112,
        "6": 1455
    },
    "classification_report": {
        "0": {
            "precision": 0.7505479396109288,
            "recall": 0.6507595519410772,
            "f1-score": 0.6971007346154332,
            "support": 84721.0
        },
        "1": {
            "precision": 0.4921579011691856,
            "recall": 0.570389867919406,
            "f1-score": 0.5283939007921972,
            "support": 84721.0
        },
        "2": {
            "precision": 0.516241959558863,
            "recall": 0.567439005677459,
            "f1-score": 0.5406311149096962,
            "support": 84721.0
        },
        "3": {
            "precision": 0.5904276465243071,
            "recall": 0.4908464253254801,
            "f1-score": 0.5360515104445289,
            "support": 84721.0
        },
        "4": {
            "precision": 0.5549552387067075,
            "recall": 0.5407278006633538,
            "f1-score": 0.5477491480839362,
            "support": 84721.0
        },
        "5": {
            "precision": 0.48357206323169005,
            "recall": 0.5845776135786876,
            "f1-score": 0.5292992337205699,
            "support": 84721.0
        },
        "6": {
            "precision": 0.7516773919128442,
            "recall": 0.6466283448023512,
            "f1-score": 0.6952069136178475,
            "support": 84721.0
        },
        "accuracy": 0.578766944272545,
        "macro avg": {
            "precision": 0.5913685915306466,
            "recall": 0.578766944272545,
            "f1-score": 0.5820617937406014,
            "support": 593047.0
        },
        "weighted avg": {
            "precision": 0.5913685915306466,
            "recall": 0.578766944272545,
            "f1-score": 0.5820617937406013,
            "support": 593047.0
        }
    }
}