{
    "experiment_name": "seresnet_new_v1",
    "global_accuracy": 0.68332358143621,
    "inference_latency_ms": 0.07698464266616634,
    "ordinal_metrics": {
        "mae": 0.41547634504516506,
        "off_by_one_accuracy": 0.9389862860785064,
        "off_by_two_accuracy": 0.9751739744067502
    },
    "catastrophic_failure_counts": {
        "3": 9939,
        "4": 2599,
        "5": 1468,
        "6": 717
    },
    "classification_report": {
        "0": {
            "precision": 0.8058039638541508,
            "recall": 0.8115107234333873,
            "f1-score": 0.808647275379024,
            "support": 84721.0
        },
        "1": {
            "precision": 0.6268571100785866,
            "recall": 0.6449404515999575,
            "f1-score": 0.6357702197968421,
            "support": 84721.0
        },
        "2": {
            "precision": 0.6168091168091168,
            "recall": 0.6490834621876512,
            "f1-score": 0.6325348670021568,
            "support": 84721.0
        },
        "3": {
            "precision": 0.6412727949385932,
            "recall": 0.6101556874918851,
            "f1-score": 0.6253273735718045,
            "support": 84721.0
        },
        "4": {
            "precision": 0.6519719876315372,
            "recall": 0.6296549851866715,
            "f1-score": 0.6406191831489955,
            "support": 84721.0
        },
        "5": {
            "precision": 0.6317014664350621,
            "recall": 0.6310005783689995,
            "f1-score": 0.6313508278810497,
            "support": 84721.0
        },
        "6": {
            "precision": 0.810477895410734,
            "recall": 0.8069191817849175,
            "f1-score": 0.8086946235287159,
            "support": 84721.0
        },
        "accuracy": 0.68332358143621,
        "macro avg": {
            "precision": 0.6835563335939686,
            "recall": 0.6833235814362099,
            "f1-score": 0.6832777671869412,
            "support": 593047.0
        },
        "weighted avg": {
            "precision": 0.6835563335939686,
            "recall": 0.68332358143621,
            "f1-score": 0.6832777671869412,
            "support": 593047.0
        }
    }
}