{
    "experiment_name": "run_2026_01_21_probs_mlp_v3",
    "global_accuracy": 0.5778597649090207,
    "inference_latency_ms": 0.058710225444189496,
    "ordinal_metrics": {
        "mae": 0.6380927649916448,
        "off_by_one_accuracy": 0.8752038202705688,
        "off_by_two_accuracy": 0.9422474104076068
    },
    "catastrophic_failure_counts": {
        "3": 21443,
        "4": 7438,
        "5": 3735,
        "6": 1634
    },
    "classification_report": {
        "0": {
            "precision": 0.7179301522940651,
            "recall": 0.7022107859916668,
            "f1-score": 0.709983471271638,
            "support": 84721.0
        },
        "1": {
            "precision": 0.5134852801519468,
            "recall": 0.5105699885506545,
            "f1-score": 0.5120234847094892,
            "support": 84721.0
        },
        "2": {
            "precision": 0.5214863408684531,
            "recall": 0.5198120890924328,
            "f1-score": 0.5206478690075073,
            "support": 84721.0
        },
        "3": {
            "precision": 0.5287707917306338,
            "recall": 0.5407041937654182,
            "f1-score": 0.5346709151814373,
            "support": 84721.0
        },
        "4": {
            "precision": 0.5442996244098289,
            "recall": 0.5456616423318894,
            "f1-score": 0.54497978238061,
            "support": 84721.0
        },
        "5": {
            "precision": 0.5121683892941745,
            "recall": 0.5129542852421477,
            "f1-score": 0.5125610360200976,
            "support": 84721.0
        },
        "6": {
            "precision": 0.7101381134293271,
            "recall": 0.7131053693889354,
            "f1-score": 0.7116186482602652,
            "support": 84721.0
        },
        "accuracy": 0.5778597649090207,
        "macro avg": {
            "precision": 0.5783255274540614,
            "recall": 0.5778597649090207,
            "f1-score": 0.5780693152615778,
            "support": 593047.0
        },
        "weighted avg": {
            "precision": 0.5783255274540614,
            "recall": 0.5778597649090207,
            "f1-score": 0.5780693152615778,
            "support": 593047.0
        }
    }
}