{
    "experiment_name": "transformer_v5",
    "global_accuracy": 0.7076606070007943,
    "inference_latency_ms": 0.09925868575857322,
    "ordinal_metrics": {
        "mae": 0.37320650808451944,
        "off_by_one_accuracy": 0.9484155555967739,
        "off_by_two_accuracy": 0.9800133884835435
    },
    "catastrophic_failure_counts": {
        "3": 8391,
        "4": 1900,
        "5": 1073,
        "6": 489
    },
    "classification_report": {
        "0": {
            "precision": 0.8160398318312844,
            "recall": 0.8453984254199077,
            "f1-score": 0.830459736796336,
            "support": 84721.0
        },
        "1": {
            "precision": 0.6674426824957644,
            "recall": 0.6463450620271243,
            "f1-score": 0.6567244729078219,
            "support": 84721.0
        },
        "2": {
            "precision": 0.6496523836549376,
            "recall": 0.6485405035351329,
            "f1-score": 0.649095967441833,
            "support": 84721.0
        },
        "3": {
            "precision": 0.6575712037486244,
            "recall": 0.6559412660379362,
            "f1-score": 0.6567552235983738,
            "support": 84721.0
        },
        "4": {
            "precision": 0.6716055292920831,
            "recall": 0.6623623422764132,
            "f1-score": 0.6669519123344981,
            "support": 84721.0
        },
        "5": {
            "precision": 0.6677184228549066,
            "recall": 0.6444447067433104,
            "f1-score": 0.6558751629236766,
            "support": 84721.0
        },
        "6": {
            "precision": 0.8112918660287082,
            "recall": 0.8505919429657346,
            "f1-score": 0.8304772221774054,
            "support": 84721.0
        },
        "accuracy": 0.7076606070007943,
        "macro avg": {
            "precision": 0.705903131415187,
            "recall": 0.7076606070007941,
            "f1-score": 0.7066199568828493,
            "support": 593047.0
        },
        "weighted avg": {
            "precision": 0.7059031314151869,
            "recall": 0.7076606070007943,
            "f1-score": 0.7066199568828492,
            "support": 593047.0
        }
    }
}