{
    "experiment_name": "run_2025_12_28_giraffe_baseline_with_dropout_with_state",
    "global_accuracy": 0.87663,
    "inference_latency_ms": 0.010062859058380128,
    "ordinal_metrics": {
        "mae": 0.14561,
        "off_by_one_accuracy": 0.98477,
        "off_by_two_accuracy": 0.99463
    },
    "catastrophic_failure_counts": {
        "3": 438,
        "4": 53,
        "5": 27,
        "6": 19
    },
    "classification_report": {
        "0": {
            "precision": 0.8854280113265084,
            "recall": 0.8165930092406589,
            "f1-score": 0.8496185599331174,
            "support": 4978.0
        },
        "1": {
            "precision": 0.7834628975265018,
            "recall": 0.7890391459074733,
            "f1-score": 0.786241134751773,
            "support": 7025.0
        },
        "2": {
            "precision": 0.8112846424743531,
            "recall": 0.7465830632661689,
            "f1-score": 0.7775902553566187,
            "support": 14194.0
        },
        "3": {
            "precision": 0.9164950508204345,
            "recall": 0.9535197152434599,
            "f1-score": 0.9346408549701065,
            "support": 57874.0
        },
        "4": {
            "precision": 0.8021368114333287,
            "recall": 0.7520489137504879,
            "f1-score": 0.7762857526520747,
            "support": 7687.0
        },
        "5": {
            "precision": 0.7915584415584416,
            "recall": 0.7665059735904423,
            "f1-score": 0.7788307954424449,
            "support": 4771.0
        },
        "6": {
            "precision": 0.8772038354469532,
            "recall": 0.8170556035724575,
            "f1-score": 0.8460620525059666,
            "support": 3471.0
        },
        "accuracy": 0.87663,
        "macro avg": {
            "precision": 0.8382242415123601,
            "recall": 0.8059064892244499,
            "f1-score": 0.821324200801729,
            "support": 100000.0
        },
        "weighted avg": {
            "precision": 0.8745542178896952,
            "recall": 0.87663,
            "f1-score": 0.8750105777799068,
            "support": 100000.0
        }
    }
}