{
    "experiment_name": "run_2025_12_28_deepchess_baseline",
    "global_accuracy": 0.54735,
    "inference_latency_ms": 0.009310672283172606,
    "ordinal_metrics": {
        "mae": 0.76615,
        "off_by_one_accuracy": 0.80334,
        "off_by_two_accuracy": 0.91126
    },
    "catastrophic_failure_counts": {
        "3": 7324,
        "4": 679,
        "5": 482,
        "6": 389
    },
    "classification_report": {
        "0": {
            "precision": 0.4717151635640701,
            "recall": 0.36270150083379654,
            "f1-score": 0.4100872024510959,
            "support": 7196.0
        },
        "1": {
            "precision": 0.2572128983594192,
            "recall": 0.18286633596996915,
            "f1-score": 0.2137595988089641,
            "support": 7459.0
        },
        "2": {
            "precision": 0.37647251308900526,
            "recall": 0.1631220757124628,
            "f1-score": 0.22761895340785437,
            "support": 14106.0
        },
        "3": {
            "precision": 0.6100662215708625,
            "recall": 0.879819171004736,
            "f1-score": 0.7205224777626412,
            "support": 51098.0
        },
        "4": {
            "precision": 0.32633650377172846,
            "recall": 0.11210004506534475,
            "f1-score": 0.1668763102725367,
            "support": 8876.0
        },
        "5": {
            "precision": 0.2775479503572772,
            "recall": 0.1260245901639344,
            "f1-score": 0.17334116265413976,
            "support": 5856.0
        },
        "6": {
            "precision": 0.4846659364731654,
            "recall": 0.32723239046034386,
            "f1-score": 0.39068535481734906,
            "support": 5409.0
        },
        "accuracy": 0.54735,
        "macro avg": {
            "precision": 0.40057388388364684,
            "recall": 0.30769515845865536,
            "f1-score": 0.3289844371677973,
            "support": 100000.0
        },
        "weighted avg": {
            "precision": 0.48940140040484836,
            "recall": 0.54735,
            "f1-score": 0.491829679445295,
            "support": 100000.0
        }
    }
}