{
    "experiment_name": "run_2025_12_27_giraffe_baseline_v1",
    "global_accuracy": 0.82882,
    "inference_latency_ms": 0.009237728118896485,
    "ordinal_metrics": {
        "mae": 0.21222,
        "off_by_one_accuracy": 0.97177,
        "off_by_two_accuracy": 0.99037
    },
    "catastrophic_failure_counts": {
        "3": 778,
        "4": 94,
        "5": 49,
        "6": 42
    },
    "classification_report": {
        "0": {
            "precision": 0.8429508938673909,
            "recall": 0.7342795190222748,
            "f1-score": 0.7848714707121787,
            "support": 5073.0
        },
        "1": {
            "precision": 0.6778947368421052,
            "recall": 0.7341122827016244,
            "f1-score": 0.7048843891093173,
            "support": 7018.0
        },
        "2": {
            "precision": 0.7192781218934007,
            "recall": 0.6664304945444239,
            "f1-score": 0.6918465668787467,
            "support": 14114.0
        },
        "3": {
            "precision": 0.8853873847216057,
            "recall": 0.9281393785865688,
            "f1-score": 0.9062594649167087,
            "support": 58029.0
        },
        "4": {
            "precision": 0.7561356886040331,
            "recall": 0.6317920585161965,
            "f1-score": 0.6883939372376006,
            "support": 7656.0
        },
        "5": {
            "precision": 0.7148602878916173,
            "recall": 0.7221984602224123,
            "f1-score": 0.7185106382978723,
            "support": 4676.0
        },
        "6": {
            "precision": 0.8556910569105691,
            "recall": 0.7355853232382061,
            "f1-score": 0.7911055433761353,
            "support": 3434.0
        },
        "accuracy": 0.82882,
        "macro avg": {
            "precision": 0.7788854529615318,
            "recall": 0.7360767881188153,
            "f1-score": 0.7551245729326512,
            "support": 100000.0
        },
        "weighted avg": {
            "precision": 0.8263389573572526,
            "recall": 0.82882,
            "f1-score": 0.8262934071239595,
            "support": 100000.0
        }
    }
}