{
    "experiment_name": "run_2025_12_28_giraffe_baseline",
    "global_accuracy": 0.52164,
    "inference_latency_ms": 0.011022489070892334,
    "ordinal_metrics": {
        "mae": 0.81071,
        "off_by_one_accuracy": 0.79326,
        "off_by_two_accuracy": 0.9097
    },
    "catastrophic_failure_counts": {
        "3": 7019,
        "4": 927,
        "5": 648,
        "6": 436
    },
    "classification_report": {
        "0": {
            "precision": 0.48069872762562,
            "recall": 0.3097554196775987,
            "f1-score": 0.37674300684526324,
            "support": 7196.0
        },
        "1": {
            "precision": 0.22064751007671304,
            "recall": 0.22751039013272556,
            "f1-score": 0.22402640264026402,
            "support": 7459.0
        },
        "2": {
            "precision": 0.32050195014414107,
            "recall": 0.2679710761378137,
            "f1-score": 0.2918918918918919,
            "support": 14106.0
        },
        "3": {
            "precision": 0.626771581777582,
            "recall": 0.807487572899135,
            "f1-score": 0.7057445116267137,
            "support": 51098.0
        },
        "4": {
            "precision": 0.2490669320726549,
            "recall": 0.11277602523659307,
            "f1-score": 0.15525397440868555,
            "support": 8876.0
        },
        "5": {
            "precision": 0.21191791633780585,
            "recall": 0.09170081967213115,
            "f1-score": 0.12800953516090585,
            "support": 5856.0
        },
        "6": {
            "precision": 0.47481396680022897,
            "recall": 0.3067110371602884,
            "f1-score": 0.372683365157812,
            "support": 5409.0
        },
        "accuracy": 0.52164,
        "macro avg": {
            "precision": 0.36920265497639226,
            "recall": 0.3034160487023265,
            "f1-score": 0.3220503839616481,
            "support": 100000.0
        },
        "weighted avg": {
            "precision": 0.4767267076963382,
            "recall": 0.52164,
            "f1-score": 0.48705118133573444,
            "support": 100000.0
        }
    }
}