{
    "experiment_name": "transformer_v2",
    "global_accuracy": 0.7258716425510963,
    "inference_latency_ms": 0.1772918970720307,
    "ordinal_metrics": {
        "mae": 0.3406509096243637,
        "off_by_one_accuracy": 0.9563491595101231,
        "off_by_two_accuracy": 0.9840990680333936
    },
    "catastrophic_failure_counts": {
        "3": 6817,
        "4": 1451,
        "5": 803,
        "6": 359
    },
    "classification_report": {
        "0": {
            "precision": 0.8320795923319583,
            "recall": 0.849954556721474,
            "f1-score": 0.8409220959699174,
            "support": 84721.0
        },
        "1": {
            "precision": 0.6814200588699835,
            "recall": 0.6721946152665809,
            "f1-score": 0.6767758994622538,
            "support": 84721.0
        },
        "2": {
            "precision": 0.6604874621825887,
            "recall": 0.6880230403323851,
            "f1-score": 0.673974123278643,
            "support": 84721.0
        },
        "3": {
            "precision": 0.6889052257550695,
            "recall": 0.6636489182139022,
            "f1-score": 0.676041265871489,
            "support": 84721.0
        },
        "4": {
            "precision": 0.6886148007590133,
            "recall": 0.6853554608656649,
            "f1-score": 0.6869812649002313,
            "support": 84721.0
        },
        "5": {
            "precision": 0.6849780885557605,
            "recall": 0.6752517085492381,
            "f1-score": 0.6800801241091542,
            "support": 84721.0
        },
        "6": {
            "precision": 0.8416563020674442,
            "recall": 0.8466731979084289,
            "f1-score": 0.8441572960981953,
            "support": 84721.0
        },
        "accuracy": 0.7258716425510963,
        "macro avg": {
            "precision": 0.7254487900745454,
            "recall": 0.7258716425510964,
            "f1-score": 0.725561724241412,
            "support": 593047.0
        },
        "weighted avg": {
            "precision": 0.7254487900745454,
            "recall": 0.7258716425510963,
            "f1-score": 0.725561724241412,
            "support": 593047.0
        }
    }
}