{
    "experiment_name": "transformer_v4",
    "global_accuracy": 0.7237301596669404,
    "inference_latency_ms": 0.12642728261180233,
    "ordinal_metrics": {
        "mae": 0.34541275817936856,
        "off_by_one_accuracy": 0.9548366318352508,
        "off_by_two_accuracy": 0.983380743853354
    },
    "catastrophic_failure_counts": {
        "3": 7121,
        "4": 1485,
        "5": 870,
        "6": 380
    },
    "classification_report": {
        "0": {
            "precision": 0.827110882134066,
            "recall": 0.8527283672289043,
            "f1-score": 0.8397242918415027,
            "support": 84721.0
        },
        "1": {
            "precision": 0.6797060161355964,
            "recall": 0.6702470461868958,
            "f1-score": 0.674943392189608,
            "support": 84721.0
        },
        "2": {
            "precision": 0.6679880837887922,
            "recall": 0.6722536325114198,
            "f1-score": 0.6701140702305525,
            "support": 84721.0
        },
        "3": {
            "precision": 0.6859885590827625,
            "recall": 0.6596003352179507,
            "f1-score": 0.6725356985973294,
            "support": 84721.0
        },
        "4": {
            "precision": 0.6870631427831776,
            "recall": 0.6891797783312283,
            "f1-score": 0.68811983288451,
            "support": 84721.0
        },
        "5": {
            "precision": 0.6824784302304416,
            "recall": 0.6638377733973867,
            "f1-score": 0.6730290555741707,
            "support": 84721.0
        },
        "6": {
            "precision": 0.8258430156620896,
            "recall": 0.858264184794797,
            "f1-score": 0.8417415262085571,
            "support": 84721.0
        },
        "accuracy": 0.7237301596669404,
        "macro avg": {
            "precision": 0.7223111614024179,
            "recall": 0.7237301596669404,
            "f1-score": 0.7228868382180329,
            "support": 593047.0
        },
        "weighted avg": {
            "precision": 0.722311161402418,
            "recall": 0.7237301596669404,
            "f1-score": 0.7228868382180329,
            "support": 593047.0
        }
    }
}