{
    "experiment_name": "seresnet_new_v2_16",
    "global_accuracy": 0.6987388857881416,
    "inference_latency_ms": 0.08135442967565189,
    "ordinal_metrics": {
        "mae": 0.38366605007697535,
        "off_by_one_accuracy": 0.9471593313852021,
        "off_by_two_accuracy": 0.9800285643465021
    },
    "catastrophic_failure_counts": {
        "3": 8321,
        "4": 1890,
        "5": 1100,
        "6": 533
    },
    "classification_report": {
        "0": {
            "precision": 0.8084800328789643,
            "recall": 0.835896649000838,
            "f1-score": 0.8219597829556335,
            "support": 84721.0
        },
        "1": {
            "precision": 0.6543617593815745,
            "recall": 0.6314609128787432,
            "f1-score": 0.6427074010223635,
            "support": 84721.0
        },
        "2": {
            "precision": 0.6438760867730227,
            "recall": 0.6302569610840287,
            "f1-score": 0.6369937369519832,
            "support": 84721.0
        },
        "3": {
            "precision": 0.6435754707155339,
            "recall": 0.6564134039966478,
            "f1-score": 0.6499310473786317,
            "support": 84721.0
        },
        "4": {
            "precision": 0.6666145143819955,
            "recall": 0.653781234876831,
            "f1-score": 0.6601355095911472,
            "support": 84721.0
        },
        "5": {
            "precision": 0.6473692795227887,
            "recall": 0.6558586418951617,
            "f1-score": 0.6515863104137717,
            "support": 84721.0
        },
        "6": {
            "precision": 0.8205887516825657,
            "recall": 0.8275043967847405,
            "f1-score": 0.8240320646935753,
            "support": 84721.0
        },
        "accuracy": 0.6987388857881416,
        "macro avg": {
            "precision": 0.6978379850480635,
            "recall": 0.6987388857881417,
            "f1-score": 0.6981922647153009,
            "support": 593047.0
        },
        "weighted avg": {
            "precision": 0.6978379850480637,
            "recall": 0.6987388857881416,
            "f1-score": 0.6981922647153008,
            "support": 593047.0
        }
    }
}