{
    "experiment_name": "transformer_v1",
    "global_accuracy": 0.7303535807448651,
    "inference_latency_ms": 0.10563372849268707,
    "ordinal_metrics": {
        "mae": 0.3330933298709883,
        "off_by_one_accuracy": 0.9583186492807484,
        "off_by_two_accuracy": 0.9849860129129732
    },
    "catastrophic_failure_counts": {
        "3": 6418,
        "4": 1302,
        "5": 850,
        "6": 334
    },
    "classification_report": {
        "0": {
            "precision": 0.8340439714518854,
            "recall": 0.8565880950413711,
            "f1-score": 0.8451657233363613,
            "support": 84721.0
        },
        "1": {
            "precision": 0.6904839982996296,
            "recall": 0.6710378772677377,
            "f1-score": 0.6806220668518341,
            "support": 84721.0
        },
        "2": {
            "precision": 0.6737378470188591,
            "recall": 0.6788989742802847,
            "f1-score": 0.6763085642391425,
            "support": 84721.0
        },
        "3": {
            "precision": 0.6893623146682021,
            "recall": 0.678320605280863,
            "f1-score": 0.6837968884790433,
            "support": 84721.0
        },
        "4": {
            "precision": 0.6966950644562867,
            "recall": 0.695954958038739,
            "f1-score": 0.6963248145873683,
            "support": 84721.0
        },
        "5": {
            "precision": 0.6902627925667941,
            "recall": 0.6690548978411491,
            "f1-score": 0.6794934038204496,
            "support": 84721.0
        },
        "6": {
            "precision": 0.8284250379741096,
            "recall": 0.862619657463911,
            "f1-score": 0.8451766229711054,
            "support": 84721.0
        },
        "accuracy": 0.7303535807448651,
        "macro avg": {
            "precision": 0.7290015752051096,
            "recall": 0.7303535807448652,
            "f1-score": 0.7295554406121864,
            "support": 593047.0
        },
        "weighted avg": {
            "precision": 0.7290015752051094,
            "recall": 0.7303535807448651,
            "f1-score": 0.7295554406121865,
            "support": 593047.0
        }
    }
}