{
    "experiment_name": "run_2026_01_18_probs_seresnet_droppath_c32_v12",
    "global_accuracy": 0.6830150055560521,
    "inference_latency_ms": 0.06865770633838256,
    "ordinal_metrics": {
        "mae": 0.4054754513554575,
        "off_by_one_accuracy": 0.9439319311960097,
        "off_by_two_accuracy": 0.9784637642547724
    },
    "catastrophic_failure_counts": {
        "3": 8780,
        "4": 2132,
        "5": 1256,
        "6": 604
    },
    "classification_report": {
        "0": {
            "precision": 0.8175374959729862,
            "recall": 0.8072885369905624,
            "f1-score": 0.8123806926643032,
            "support": 84873.0
        },
        "1": {
            "precision": 0.6423524801939584,
            "recall": 0.6203100426870366,
            "f1-score": 0.6311388628215309,
            "support": 84569.0
        },
        "2": {
            "precision": 0.6229760075641178,
            "recall": 0.6221597950921259,
            "f1-score": 0.6225676338059777,
            "support": 84721.0
        },
        "3": {
            "precision": 0.6069168992182008,
            "recall": 0.6677017541803865,
            "f1-score": 0.6358599525735807,
            "support": 85339.0
        },
        "4": {
            "precision": 0.6420619845639681,
            "recall": 0.6330737408579591,
            "f1-score": 0.6375361843086932,
            "support": 84363.0
        },
        "5": {
            "precision": 0.6423190745224644,
            "recall": 0.6201518353660697,
            "f1-score": 0.6310408419484475,
            "support": 84697.0
        },
        "6": {
            "precision": 0.8138470500124824,
            "recall": 0.8103213588210925,
            "f1-score": 0.8120803776897345,
            "support": 84485.0
        },
        "accuracy": 0.6830150055560521,
        "macro avg": {
            "precision": 0.6840015702925968,
            "recall": 0.683001009142176,
            "f1-score": 0.6832292208303239,
            "support": 593047.0
        },
        "weighted avg": {
            "precision": 0.6839414755851789,
            "recall": 0.6830150055560521,
            "f1-score": 0.6832047308750632,
            "support": 593047.0
        }
    }
}