{
    "experiment_name": "seresnet_new_v2",
    "global_accuracy": 0.6975163857164778,
    "inference_latency_ms": 0.08236952226343473,
    "ordinal_metrics": {
        "mae": 0.38479075014290604,
        "off_by_one_accuracy": 0.9470564727584829,
        "off_by_two_accuracy": 0.9800673471073962
    },
    "catastrophic_failure_counts": {
        "3": 8308,
        "4": 1955,
        "5": 1036,
        "6": 522
    },
    "classification_report": {
        "0": {
            "precision": 0.8200772019570344,
            "recall": 0.8250138690525372,
            "f1-score": 0.8225381284127283,
            "support": 84721.0
        },
        "1": {
            "precision": 0.6491645076180742,
            "recall": 0.6447279895185373,
            "f1-score": 0.6469386425682357,
            "support": 84721.0
        },
        "2": {
            "precision": 0.6418000024006434,
            "recall": 0.6311186128586773,
            "f1-score": 0.6364144924776233,
            "support": 84721.0
        },
        "3": {
            "precision": 0.6332986681874602,
            "recall": 0.6684765288417276,
            "f1-score": 0.6504122929921676,
            "support": 84721.0
        },
        "4": {
            "precision": 0.6663486734854065,
            "recall": 0.651326117491531,
            "f1-score": 0.6587517608576272,
            "support": 84721.0
        },
        "5": {
            "precision": 0.6544307357454665,
            "recall": 0.6317205887560345,
            "f1-score": 0.6428751606587308,
            "support": 84721.0
        },
        "6": {
            "precision": 0.8146252200500325,
            "recall": 0.8302309934962996,
            "f1-score": 0.8223540759360477,
            "support": 84721.0
        },
        "accuracy": 0.6975163857164778,
        "macro avg": {
            "precision": 0.6971064299205884,
            "recall": 0.6975163857164778,
            "f1-score": 0.6971835077004516,
            "support": 593047.0
        },
        "weighted avg": {
            "precision": 0.6971064299205881,
            "recall": 0.6975163857164778,
            "f1-score": 0.6971835077004515,
            "support": 593047.0
        }
    }
}