{
    "experiment_name": "seresnet_v2_16_probe",
    "global_accuracy": 0.6933456871321546,
    "inference_latency_ms": 0.08317320801590407,
    "ordinal_metrics": {
        "mae": 0.3914424018219599,
        "off_by_one_accuracy": 0.9463049348128586,
        "off_by_two_accuracy": 0.9792730082458225
    },
    "error_magnitude_counts": {
        "0": 410080,
        "1": 149613,
        "2": 19499,
        "3": 8406,
        "4": 2118,
        "5": 1192,
        "6": 543
    },
    "classification_report": {
        "0": {
            "precision": 0.8225640780641617,
            "recall": 0.8150971086362184,
            "f1-score": 0.8188135704052455,
            "support": 84493.0
        },
        "1": {
            "precision": 0.6458130880993577,
            "recall": 0.6449646716296025,
            "f1-score": 0.6453886010362694,
            "support": 84493.0
        },
        "2": {
            "precision": 0.6440927218344965,
            "recall": 0.6116719728261513,
            "f1-score": 0.6274638354185257,
            "support": 84493.0
        },
        "3": {
            "precision": 0.6237723326517615,
            "recall": 0.660729291183885,
            "f1-score": 0.6417191595015863,
            "support": 84493.0
        },
        "4": {
            "precision": 0.6503439526032149,
            "recall": 0.6612737149823062,
            "f1-score": 0.6557632947196695,
            "support": 84493.0
        },
        "5": {
            "precision": 0.645680716282691,
            "recall": 0.6478051436213651,
            "f1-score": 0.646741185367237,
            "support": 84493.0
        },
        "6": {
            "precision": 0.8272793053545586,
            "recall": 0.8118779070455541,
            "f1-score": 0.8195062510079862,
            "support": 84493.0
        },
        "accuracy": 0.6933456871321546,
        "macro avg": {
            "precision": 0.6942208849843201,
            "recall": 0.6933456871321546,
            "f1-score": 0.6936279853509314,
            "support": 591451.0
        },
        "weighted avg": {
            "precision": 0.6942208849843202,
            "recall": 0.6933456871321546,
            "f1-score": 0.6936279853509314,
            "support": 591451.0
        }
    }
}