{
    "experiment_name": "seresnet_new_v1_16",
    "global_accuracy": 0.6965569339360961,
    "inference_latency_ms": 0.08391266653310757,
    "ordinal_metrics": {
        "mae": 0.3843472777031163,
        "off_by_one_accuracy": 0.9474308107114613,
        "off_by_two_accuracy": 0.9805479161010847
    },
    "catastrophic_failure_counts": {
        "3": 8173,
        "4": 1909,
        "5": 1003,
        "6": 451
    },
    "classification_report": {
        "0": {
            "precision": 0.834962952112401,
            "recall": 0.8073677128456935,
            "f1-score": 0.8209334981577273,
            "support": 84721.0
        },
        "1": {
            "precision": 0.6467740039957692,
            "recall": 0.6495910104932662,
            "f1-score": 0.6481794465611769,
            "support": 84721.0
        },
        "2": {
            "precision": 0.6416349925317855,
            "recall": 0.6236706365600029,
            "f1-score": 0.6325252888011014,
            "support": 84721.0
        },
        "3": {
            "precision": 0.6304311543810849,
            "recall": 0.6687834185148901,
            "f1-score": 0.6490412151481133,
            "support": 84721.0
        },
        "4": {
            "precision": 0.650991968147182,
            "recall": 0.6715926393692236,
            "f1-score": 0.661131865003515,
            "support": 84721.0
        },
        "5": {
            "precision": 0.6491132397572079,
            "recall": 0.6462860447822854,
            "f1-score": 0.647696557108468,
            "support": 84721.0
        },
        "6": {
            "precision": 0.8348485217772795,
            "recall": 0.8086070749873113,
            "f1-score": 0.8215182966680458,
            "support": 84721.0
        },
        "accuracy": 0.6965569339360961,
        "macro avg": {
            "precision": 0.6983938332432442,
            "recall": 0.696556933936096,
            "f1-score": 0.6972894524925924,
            "support": 593047.0
        },
        "weighted avg": {
            "precision": 0.6983938332432443,
            "recall": 0.6965569339360961,
            "f1-score": 0.6972894524925926,
            "support": 593047.0
        }
    }
}