{
    "experiment_name": "seresnet_new_v1",
    "global_accuracy": 0.6972314167342555,
    "inference_latency_ms": 0.08062067685662438,
    "ordinal_metrics": {
        "mae": 0.38507403291813297,
        "off_by_one_accuracy": 0.9471003141403632,
        "off_by_two_accuracy": 0.9800049574485664
    },
    "catastrophic_failure_counts": {
        "3": 8355,
        "4": 1941,
        "5": 1046,
        "6": 516
    },
    "classification_report": {
        "0": {
            "precision": 0.8229552418925474,
            "recall": 0.8210124998524568,
            "f1-score": 0.8219827229647487,
            "support": 84721.0
        },
        "1": {
            "precision": 0.6550722541610924,
            "recall": 0.6415410582972344,
            "f1-score": 0.6482360518092694,
            "support": 84721.0
        },
        "2": {
            "precision": 0.6433676559660811,
            "recall": 0.6268811746792413,
            "f1-score": 0.6350174268103855,
            "support": 84721.0
        },
        "3": {
            "precision": 0.6297342377404648,
            "recall": 0.668452921943792,
            "f1-score": 0.6485161837035002,
            "support": 84721.0
        },
        "4": {
            "precision": 0.6577685629130491,
            "recall": 0.6590573765654324,
            "f1-score": 0.6584123390406112,
            "support": 84721.0
        },
        "5": {
            "precision": 0.653262987209429,
            "recall": 0.6372091925260561,
            "f1-score": 0.6451362332695985,
            "support": 84721.0
        },
        "6": {
            "precision": 0.8184666097791908,
            "recall": 0.8264656932755752,
            "f1-score": 0.8224467022963529,
            "support": 84721.0
        },
        "accuracy": 0.6972314167342555,
        "macro avg": {
            "precision": 0.6972325070945506,
            "recall": 0.6972314167342555,
            "f1-score": 0.6971068085563523,
            "support": 593047.0
        },
        "weighted avg": {
            "precision": 0.6972325070945508,
            "recall": 0.6972314167342555,
            "f1-score": 0.6971068085563523,
            "support": 593047.0
        }
    }
}