{
    "experiment_name": "run_2026_01_06_wide_mlp_v2",
    "global_accuracy": 0.5819842272197651,
    "inference_latency_ms": 0.012680346525248888,
    "ordinal_metrics": {
        "mae": 0.6461359723596949,
        "off_by_one_accuracy": 0.8664473473434652,
        "off_by_two_accuracy": 0.9400351068296442
    },
    "catastrophic_failure_counts": {
        "3": 21939,
        "4": 8268,
        "5": 3812,
        "6": 1543
    },
    "classification_report": {
        "0": {
            "precision": 0.7421479096283784,
            "recall": 0.6637905596015156,
            "f1-score": 0.7007856844676225,
            "support": 84721.0
        },
        "1": {
            "precision": 0.5165494886778671,
            "recall": 0.5342004933841669,
            "f1-score": 0.5252267359882091,
            "support": 84721.0
        },
        "2": {
            "precision": 0.5051399054706561,
            "recall": 0.5840700652730728,
            "f1-score": 0.5417451280928399,
            "support": 84721.0
        },
        "3": {
            "precision": 0.5770854271356783,
            "recall": 0.5083155297978069,
            "f1-score": 0.5405218831975701,
            "support": 84721.0
        },
        "4": {
            "precision": 0.5295446901538721,
            "recall": 0.5946931693440823,
            "f1-score": 0.560231284574542,
            "support": 84721.0
        },
        "5": {
            "precision": 0.51208968429069,
            "recall": 0.539712704052124,
            "f1-score": 0.5255384686113601,
            "support": 84721.0
        },
        "6": {
            "precision": 0.7571039154138444,
            "recall": 0.6491070690855868,
            "f1-score": 0.6989584193903036,
            "support": 84721.0
        },
        "accuracy": 0.5819842272197651,
        "macro avg": {
            "precision": 0.5913801458244266,
            "recall": 0.5819842272197651,
            "f1-score": 0.5847153720460639,
            "support": 593047.0
        },
        "weighted avg": {
            "precision": 0.5913801458244266,
            "recall": 0.5819842272197651,
            "f1-score": 0.5847153720460639,
            "support": 593047.0
        }
    }
}