{
    "experiment_name": "transformer_v3",
    "global_accuracy": 0.7287634875482044,
    "inference_latency_ms": 0.10223304343514597,
    "ordinal_metrics": {
        "mae": 0.33667989215020055,
        "off_by_one_accuracy": 0.9573069250835095,
        "off_by_two_accuracy": 0.9842609439049519
    },
    "catastrophic_failure_counts": {
        "3": 6738,
        "4": 1413,
        "5": 804,
        "6": 379
    },
    "classification_report": {
        "0": {
            "precision": 0.8320316531911234,
            "recall": 0.8563284191640798,
            "f1-score": 0.8440052118476465,
            "support": 84721.0
        },
        "1": {
            "precision": 0.6897995448072733,
            "recall": 0.6689722736983746,
            "f1-score": 0.6792262889192493,
            "support": 84721.0
        },
        "2": {
            "precision": 0.6733878593040847,
            "recall": 0.6724897014907756,
            "f1-score": 0.672938480709152,
            "support": 84721.0
        },
        "3": {
            "precision": 0.6869404729090016,
            "recall": 0.6765618913846626,
            "f1-score": 0.6817116827820792,
            "support": 84721.0
        },
        "4": {
            "precision": 0.6897760081959579,
            "recall": 0.6993425478924942,
            "f1-score": 0.6945263367659729,
            "support": 84721.0
        },
        "5": {
            "precision": 0.6873598688492972,
            "recall": 0.6730562670412295,
            "f1-score": 0.6801328729298243,
            "support": 84721.0
        },
        "6": {
            "precision": 0.8342589818634342,
            "recall": 0.8545933121658148,
            "f1-score": 0.8443037310430478,
            "support": 84721.0
        },
        "accuracy": 0.7287634875482044,
        "macro avg": {
            "precision": 0.7276506270171675,
            "recall": 0.7287634875482044,
            "f1-score": 0.7281206578567102,
            "support": 593047.0
        },
        "weighted avg": {
            "precision": 0.7276506270171675,
            "recall": 0.7287634875482044,
            "f1-score": 0.7281206578567103,
            "support": 593047.0
        }
    }
}