{
    "experiment_name": "run_2026_01_10_seresnet",
    "global_accuracy": 0.6858225402033903,
    "inference_latency_ms": 0.03945357820672423,
    "ordinal_metrics": {
        "mae": 0.41335341043795853,
        "off_by_one_accuracy": 0.9364198790315101,
        "off_by_two_accuracy": 0.9760878985982562
    },
    "catastrophic_failure_counts": {
        "3": 9766,
        "4": 2472,
        "5": 1372,
        "6": 571
    },
    "classification_report": {
        "0": {
            "precision": 0.8394980435856201,
            "recall": 0.7825214527684989,
            "f1-score": 0.8100090413703785,
            "support": 84721.0
        },
        "1": {
            "precision": 0.6381089569509056,
            "recall": 0.6379055960151556,
            "f1-score": 0.6380072602780156,
            "support": 84721.0
        },
        "2": {
            "precision": 0.6156091775760617,
            "recall": 0.6371973890770883,
            "f1-score": 0.6262172805994908,
            "support": 84721.0
        },
        "3": {
            "precision": 0.6468276940889551,
            "recall": 0.6198463190944394,
            "f1-score": 0.6330496419702486,
            "support": 84721.0
        },
        "4": {
            "precision": 0.6291958022584471,
            "recall": 0.6701762254930891,
            "f1-score": 0.649039780521262,
            "support": 84721.0
        },
        "5": {
            "precision": 0.6284515156288678,
            "recall": 0.6592580351978848,
            "f1-score": 0.6434862755263688,
            "support": 84721.0
        },
        "6": {
            "precision": 0.8263423024941638,
            "recall": 0.7938527637775759,
            "f1-score": 0.809771779111558,
            "support": 84721.0
        },
        "accuracy": 0.6858225402033903,
        "macro avg": {
            "precision": 0.6891476417975745,
            "recall": 0.6858225402033903,
            "f1-score": 0.6870830084824746,
            "support": 593047.0
        },
        "weighted avg": {
            "precision": 0.6891476417975746,
            "recall": 0.6858225402033903,
            "f1-score": 0.6870830084824746,
            "support": 593047.0
        }
    }
}