{
    "experiment_name": "run_2026_01_10_seresnet_ls",
    "global_accuracy": 0.6875306678897288,
    "inference_latency_ms": 0.04158021193438632,
    "ordinal_metrics": {
        "mae": 0.4097348102258337,
        "off_by_one_accuracy": 0.9374248584007676,
        "off_by_two_accuracy": 0.9767151676005443
    },
    "catastrophic_failure_counts": {
        "3": 9531,
        "4": 2373,
        "5": 1324,
        "6": 581
    },
    "classification_report": {
        "0": {
            "precision": 0.8380096891400888,
            "recall": 0.7840322942363759,
            "f1-score": 0.810122877092417,
            "support": 84721.0
        },
        "1": {
            "precision": 0.642891187264668,
            "recall": 0.6368432856080547,
            "f1-score": 0.639852945536482,
            "support": 84721.0
        },
        "2": {
            "precision": 0.6161178804193823,
            "recall": 0.6416000755420734,
            "f1-score": 0.6286008349426989,
            "support": 84721.0
        },
        "3": {
            "precision": 0.6438364452619223,
            "recall": 0.6280143057801489,
            "f1-score": 0.6358269598470363,
            "support": 84721.0
        },
        "4": {
            "precision": 0.6312745829944176,
            "recall": 0.6687244012700511,
            "f1-score": 0.6494600729073526,
            "support": 84721.0
        },
        "5": {
            "precision": 0.6321872879439041,
            "recall": 0.6597891904014354,
            "f1-score": 0.6456933944010951,
            "support": 84721.0
        },
        "6": {
            "precision": 0.8319394269312614,
            "recall": 0.7937111223899623,
            "f1-score": 0.8123757920615648,
            "support": 84721.0
        },
        "accuracy": 0.6875306678897288,
        "macro avg": {
            "precision": 0.6908937857079492,
            "recall": 0.6875306678897288,
            "f1-score": 0.6888475538269496,
            "support": 593047.0
        },
        "weighted avg": {
            "precision": 0.6908937857079492,
            "recall": 0.6875306678897288,
            "f1-score": 0.6888475538269495,
            "support": 593047.0
        }
    }
}