{
    "experiment_name": "run_2026_01_18_probs_resnet_droppath_c64_v11",
    "global_accuracy": 0.6885255300170138,
    "inference_latency_ms": 0.07945772862400496,
    "ordinal_metrics": {
        "mae": 0.39506986798685434,
        "off_by_one_accuracy": 0.9459334588995476,
        "off_by_two_accuracy": 0.9799172746848057
    },
    "catastrophic_failure_counts": {
        "3": 8399,
        "4": 1923,
        "5": 1085,
        "6": 503
    },
    "classification_report": {
        "0": {
            "precision": 0.8184948934306915,
            "recall": 0.8163501375101805,
            "f1-score": 0.8174211086160028,
            "support": 84721.0
        },
        "1": {
            "precision": 0.6498979616926065,
            "recall": 0.6239775262331654,
            "f1-score": 0.6366740333487894,
            "support": 84721.0
        },
        "2": {
            "precision": 0.6306601525262154,
            "recall": 0.6246975366202004,
            "f1-score": 0.6276646841515409,
            "support": 84721.0
        },
        "3": {
            "precision": 0.6119121645776685,
            "recall": 0.6667178149455271,
            "f1-score": 0.6381404281760154,
            "support": 84721.0
        },
        "4": {
            "precision": 0.6509563412044053,
            "recall": 0.6439489618866633,
            "f1-score": 0.6474336913309203,
            "support": 84721.0
        },
        "5": {
            "precision": 0.6465433540219996,
            "recall": 0.6209322363994759,
            "f1-score": 0.6334790409787701,
            "support": 84721.0
        },
        "6": {
            "precision": 0.81267554747503,
            "recall": 0.8230544965238843,
            "f1-score": 0.8178320940160916,
            "support": 84721.0
        },
        "accuracy": 0.6885255300170138,
        "macro avg": {
            "precision": 0.6887343449898025,
            "recall": 0.6885255300170139,
            "f1-score": 0.6883778686597329,
            "support": 593047.0
        },
        "weighted avg": {
            "precision": 0.6887343449898025,
            "recall": 0.6885255300170138,
            "f1-score": 0.6883778686597329,
            "support": 593047.0
        }
    }
}